-- MySQL dump 10.13  Distrib 8.0.22, for Win64 (x86_64)
--
-- Host: localhost    Database: mydb
-- ------------------------------------------------------
-- Server version	8.0.22

/*!40101 SET @OLD_CHARACTER_SET_CLIENT=@@CHARACTER_SET_CLIENT */;
/*!40101 SET @OLD_CHARACTER_SET_RESULTS=@@CHARACTER_SET_RESULTS */;
/*!40101 SET @OLD_COLLATION_CONNECTION=@@COLLATION_CONNECTION */;
/*!50503 SET NAMES utf8mb4 */;
/*!40103 SET @OLD_TIME_ZONE=@@TIME_ZONE */;
/*!40103 SET TIME_ZONE='+00:00' */;
/*!40014 SET @OLD_UNIQUE_CHECKS=@@UNIQUE_CHECKS, UNIQUE_CHECKS=0 */;
/*!40014 SET @OLD_FOREIGN_KEY_CHECKS=@@FOREIGN_KEY_CHECKS, FOREIGN_KEY_CHECKS=0 */;
/*!40101 SET @OLD_SQL_MODE=@@SQL_MODE, SQL_MODE='NO_AUTO_VALUE_ON_ZERO' */;
/*!40111 SET @OLD_SQL_NOTES=@@SQL_NOTES, SQL_NOTES=0 */;

--
-- Table structure for table `categories`
--

DROP TABLE IF EXISTS `categories`;
/*!40101 SET @saved_cs_client     = @@character_set_client */;
/*!50503 SET character_set_client = utf8mb4 */;
CREATE TABLE `categories` (
  `id` int NOT NULL AUTO_INCREMENT,
  `name` varchar(45) NOT NULL,
  PRIMARY KEY (`id`),
  UNIQUE KEY `id_UNIQUE` (`id`),
  UNIQUE KEY `name_UNIQUE` (`name`)
) ENGINE=InnoDB AUTO_INCREMENT=13 DEFAULT CHARSET=utf8;
/*!40101 SET character_set_client = @saved_cs_client */;

--
-- Dumping data for table `categories`
--

LOCK TABLES `categories` WRITE;
/*!40000 ALTER TABLE `categories` DISABLE KEYS */;
INSERT INTO `categories` VALUES (1,'action'),(12,'adventure'),(8,'fps'),(6,'multiplayer'),(2,'rpg'),(3,'rts'),(9,'shooter'),(4,'sport'),(10,'stealth'),(5,'strategy'),(7,'tps'),(11,'western');
/*!40000 ALTER TABLE `categories` ENABLE KEYS */;
UNLOCK TABLES;

--
-- Table structure for table `games`
--

DROP TABLE IF EXISTS `games`;
/*!40101 SET @saved_cs_client     = @@character_set_client */;
/*!50503 SET character_set_client = utf8mb4 */;
CREATE TABLE `games` (
  `id` int unsigned NOT NULL AUTO_INCREMENT,
  `name` varchar(45) NOT NULL,
  `price` decimal(10,0) NOT NULL,
  `quantity` int NOT NULL,
  `description` varchar(500) NOT NULL,
  `release_date` date NOT NULL,
  `is_digital` tinyint NOT NULL,
  `age_category` varchar(10) NOT NULL,
  `platform_id` int unsigned NOT NULL,
  PRIMARY KEY (`id`),
  KEY `fk_games_platforms1_idx` (`platform_id`),
  CONSTRAINT `fk_games_platforms1` FOREIGN KEY (`platform_id`) REFERENCES `platforms` (`id`)
) ENGINE=InnoDB AUTO_INCREMENT=221 DEFAULT CHARSET=utf8;
/*!40101 SET character_set_client = @saved_cs_client */;

--
-- Dumping data for table `games`
--

LOCK TABLES `games` WRITE;
/*!40000 ALTER TABLE `games` DISABLE KEYS */;
INSERT INTO `games` VALUES (111,'Stronghold: Crusader II',43,65,'Stronghold: Crusader II to strategia czasu rzeczywistego, będąca kontynuacją tytułu z 2002 roku autorstwa brytyjskiego studia FireFly, które zapoczątkowało serię Stronghold (w Polsce znaną jako Twierdza). W Stronghold: Crusader II po raz kolejny wcielamy się w dowódcę wojsk na Bliskim Wschodzie w epoce krucjat. Stając po stronie zachodniego rycerstwa bądź sił arabskich, zarządzamy zamkami, odpieramy ataki i przeprowadzamy działania wojenne zakrojone na dużą skalę. Podobnie jak w poprzedniej ods','2021-01-12',0,'PEGI18',2),(112,'Stronghold: Crusader II',173,70,'Stronghold: Crusader II to strategia czasu rzeczywistego, będąca kontynuacją tytułu z 2002 roku autorstwa brytyjskiego studia FireFly, które zapoczątkowało serię Stronghold (w Polsce znaną jako Twierdza). W Stronghold: Crusader II po raz kolejny wcielamy się w dowódcę wojsk na Bliskim Wschodzie w epoce krucjat. Stając po stronie zachodniego rycerstwa bądź sił arabskich, zarządzamy zamkami, odpieramy ataki i przeprowadzamy działania wojenne zakrojone na dużą skalę. Podobnie jak w poprzedniej ods','2021-01-12',0,'PEGI16',4),(113,'Stronghold: Crusader II',233,70,'Stronghold: Crusader II to strategia czasu rzeczywistego, będąca kontynuacją tytułu z 2002 roku autorstwa brytyjskiego studia FireFly, które zapoczątkowało serię Stronghold (w Polsce znaną jako Twierdza). W Stronghold: Crusader II po raz kolejny wcielamy się w dowódcę wojsk na Bliskim Wschodzie w epoce krucjat. Stając po stronie zachodniego rycerstwa bądź sił arabskich, zarządzamy zamkami, odpieramy ataki i przeprowadzamy działania wojenne zakrojone na dużą skalę. Podobnie jak w poprzedniej ods','2021-01-12',0,'PEGI18',1),(114,'Stronghold: Crusader II',45,70,'Stronghold: Crusader II to strategia czasu rzeczywistego, będąca kontynuacją tytułu z 2002 roku autorstwa brytyjskiego studia FireFly, które zapoczątkowało serię Stronghold (w Polsce znaną jako Twierdza). W Stronghold: Crusader II po raz kolejny wcielamy się w dowódcę wojsk na Bliskim Wschodzie w epoce krucjat. Stając po stronie zachodniego rycerstwa bądź sił arabskich, zarządzamy zamkami, odpieramy ataki i przeprowadzamy działania wojenne zakrojone na dużą skalę. Podobnie jak w poprzedniej ods','2021-01-12',0,'PEGI12',4),(115,'Stronghold: Crusader II',258,70,'Stronghold: Crusader II to strategia czasu rzeczywistego, będąca kontynuacją tytułu z 2002 roku autorstwa brytyjskiego studia FireFly, które zapoczątkowało serię Stronghold (w Polsce znaną jako Twierdza). W Stronghold: Crusader II po raz kolejny wcielamy się w dowódcę wojsk na Bliskim Wschodzie w epoce krucjat. Stając po stronie zachodniego rycerstwa bądź sił arabskich, zarządzamy zamkami, odpieramy ataki i przeprowadzamy działania wojenne zakrojone na dużą skalę. Podobnie jak w poprzedniej ods','2021-01-12',0,'PEGI7',3),(116,'Stronghold: Crusader II',240,70,'Stronghold: Crusader II to strategia czasu rzeczywistego, będąca kontynuacją tytułu z 2002 roku autorstwa brytyjskiego studia FireFly, które zapoczątkowało serię Stronghold (w Polsce znaną jako Twierdza). W Stronghold: Crusader II po raz kolejny wcielamy się w dowódcę wojsk na Bliskim Wschodzie w epoce krucjat. Stając po stronie zachodniego rycerstwa bądź sił arabskich, zarządzamy zamkami, odpieramy ataki i przeprowadzamy działania wojenne zakrojone na dużą skalę. Podobnie jak w poprzedniej ods','2021-01-12',0,'PEGI16',2),(117,'Stronghold: Crusader II',48,70,'Stronghold: Crusader II to strategia czasu rzeczywistego, będąca kontynuacją tytułu z 2002 roku autorstwa brytyjskiego studia FireFly, które zapoczątkowało serię Stronghold (w Polsce znaną jako Twierdza). W Stronghold: Crusader II po raz kolejny wcielamy się w dowódcę wojsk na Bliskim Wschodzie w epoce krucjat. Stając po stronie zachodniego rycerstwa bądź sił arabskich, zarządzamy zamkami, odpieramy ataki i przeprowadzamy działania wojenne zakrojone na dużą skalę. Podobnie jak w poprzedniej ods','2021-01-12',0,'PEGI7',3),(118,'Stronghold: Crusader II',149,70,'Stronghold: Crusader II to strategia czasu rzeczywistego, będąca kontynuacją tytułu z 2002 roku autorstwa brytyjskiego studia FireFly, które zapoczątkowało serię Stronghold (w Polsce znaną jako Twierdza). W Stronghold: Crusader II po raz kolejny wcielamy się w dowódcę wojsk na Bliskim Wschodzie w epoce krucjat. Stając po stronie zachodniego rycerstwa bądź sił arabskich, zarządzamy zamkami, odpieramy ataki i przeprowadzamy działania wojenne zakrojone na dużą skalę. Podobnie jak w poprzedniej ods','2021-01-12',0,'PEGI12',1),(119,'Stronghold: Crusader II',102,70,'Stronghold: Crusader II to strategia czasu rzeczywistego, będąca kontynuacją tytułu z 2002 roku autorstwa brytyjskiego studia FireFly, które zapoczątkowało serię Stronghold (w Polsce znaną jako Twierdza). W Stronghold: Crusader II po raz kolejny wcielamy się w dowódcę wojsk na Bliskim Wschodzie w epoce krucjat. Stając po stronie zachodniego rycerstwa bądź sił arabskich, zarządzamy zamkami, odpieramy ataki i przeprowadzamy działania wojenne zakrojone na dużą skalę. Podobnie jak w poprzedniej ods','2021-01-12',0,'PEGI7',1),(120,'Stronghold: Crusader II',144,70,'Stronghold: Crusader II to strategia czasu rzeczywistego, będąca kontynuacją tytułu z 2002 roku autorstwa brytyjskiego studia FireFly, które zapoczątkowało serię Stronghold (w Polsce znaną jako Twierdza). W Stronghold: Crusader II po raz kolejny wcielamy się w dowódcę wojsk na Bliskim Wschodzie w epoce krucjat. Stając po stronie zachodniego rycerstwa bądź sił arabskich, zarządzamy zamkami, odpieramy ataki i przeprowadzamy działania wojenne zakrojone na dużą skalę. Podobnie jak w poprzedniej ods','2021-01-12',0,'PEGI18',3),(121,'Stronghold: Crusader II',265,1,'Stronghold: Crusader II to strategia czasu rzeczywistego, będąca kontynuacją tytułu z 2002 roku autorstwa brytyjskiego studia FireFly, które zapoczątkowało serię Stronghold (w Polsce znaną jako Twierdza). W Stronghold: Crusader II po raz kolejny wcielamy się w dowódcę wojsk na Bliskim Wschodzie w epoce krucjat. Stając po stronie zachodniego rycerstwa bądź sił arabskich, zarządzamy zamkami, odpieramy ataki i przeprowadzamy działania wojenne zakrojone na dużą skalę. Podobnie jak w poprzedniej ods','2021-01-12',1,'PEGI18',1),(122,'Stronghold: Crusader II',51,1,'Stronghold: Crusader II to strategia czasu rzeczywistego, będąca kontynuacją tytułu z 2002 roku autorstwa brytyjskiego studia FireFly, które zapoczątkowało serię Stronghold (w Polsce znaną jako Twierdza). W Stronghold: Crusader II po raz kolejny wcielamy się w dowódcę wojsk na Bliskim Wschodzie w epoce krucjat. Stając po stronie zachodniego rycerstwa bądź sił arabskich, zarządzamy zamkami, odpieramy ataki i przeprowadzamy działania wojenne zakrojone na dużą skalę. Podobnie jak w poprzedniej ods','2021-01-12',1,'PEGI12',1),(123,'Stronghold: Crusader II',262,1,'Stronghold: Crusader II to strategia czasu rzeczywistego, będąca kontynuacją tytułu z 2002 roku autorstwa brytyjskiego studia FireFly, które zapoczątkowało serię Stronghold (w Polsce znaną jako Twierdza). W Stronghold: Crusader II po raz kolejny wcielamy się w dowódcę wojsk na Bliskim Wschodzie w epoce krucjat. Stając po stronie zachodniego rycerstwa bądź sił arabskich, zarządzamy zamkami, odpieramy ataki i przeprowadzamy działania wojenne zakrojone na dużą skalę. Podobnie jak w poprzedniej ods','2021-01-12',1,'PEGI7',3),(124,'Stronghold: Crusader II',89,1,'Stronghold: Crusader II to strategia czasu rzeczywistego, będąca kontynuacją tytułu z 2002 roku autorstwa brytyjskiego studia FireFly, które zapoczątkowało serię Stronghold (w Polsce znaną jako Twierdza). W Stronghold: Crusader II po raz kolejny wcielamy się w dowódcę wojsk na Bliskim Wschodzie w epoce krucjat. Stając po stronie zachodniego rycerstwa bądź sił arabskich, zarządzamy zamkami, odpieramy ataki i przeprowadzamy działania wojenne zakrojone na dużą skalę. Podobnie jak w poprzedniej ods','2021-01-12',1,'PEGI7',2),(125,'Stronghold: Crusader II',37,1,'Stronghold: Crusader II to strategia czasu rzeczywistego, będąca kontynuacją tytułu z 2002 roku autorstwa brytyjskiego studia FireFly, które zapoczątkowało serię Stronghold (w Polsce znaną jako Twierdza). W Stronghold: Crusader II po raz kolejny wcielamy się w dowódcę wojsk na Bliskim Wschodzie w epoce krucjat. Stając po stronie zachodniego rycerstwa bądź sił arabskich, zarządzamy zamkami, odpieramy ataki i przeprowadzamy działania wojenne zakrojone na dużą skalę. Podobnie jak w poprzedniej ods','2021-01-12',1,'PEGI12',3),(126,'Stronghold: Crusader II',256,1,'Stronghold: Crusader II to strategia czasu rzeczywistego, będąca kontynuacją tytułu z 2002 roku autorstwa brytyjskiego studia FireFly, które zapoczątkowało serię Stronghold (w Polsce znaną jako Twierdza). W Stronghold: Crusader II po raz kolejny wcielamy się w dowódcę wojsk na Bliskim Wschodzie w epoce krucjat. Stając po stronie zachodniego rycerstwa bądź sił arabskich, zarządzamy zamkami, odpieramy ataki i przeprowadzamy działania wojenne zakrojone na dużą skalę. Podobnie jak w poprzedniej ods','2021-01-12',1,'PEGI12',4),(127,'Stronghold: Crusader II',107,1,'Stronghold: Crusader II to strategia czasu rzeczywistego, będąca kontynuacją tytułu z 2002 roku autorstwa brytyjskiego studia FireFly, które zapoczątkowało serię Stronghold (w Polsce znaną jako Twierdza). W Stronghold: Crusader II po raz kolejny wcielamy się w dowódcę wojsk na Bliskim Wschodzie w epoce krucjat. Stając po stronie zachodniego rycerstwa bądź sił arabskich, zarządzamy zamkami, odpieramy ataki i przeprowadzamy działania wojenne zakrojone na dużą skalę. Podobnie jak w poprzedniej ods','2021-01-12',1,'PEGI12',2),(128,'Stronghold: Crusader II',50,1,'Stronghold: Crusader II to strategia czasu rzeczywistego, będąca kontynuacją tytułu z 2002 roku autorstwa brytyjskiego studia FireFly, które zapoczątkowało serię Stronghold (w Polsce znaną jako Twierdza). W Stronghold: Crusader II po raz kolejny wcielamy się w dowódcę wojsk na Bliskim Wschodzie w epoce krucjat. Stając po stronie zachodniego rycerstwa bądź sił arabskich, zarządzamy zamkami, odpieramy ataki i przeprowadzamy działania wojenne zakrojone na dużą skalę. Podobnie jak w poprzedniej ods','2021-01-12',1,'PEGI7',2),(129,'Stronghold: Crusader II',199,1,'Stronghold: Crusader II to strategia czasu rzeczywistego, będąca kontynuacją tytułu z 2002 roku autorstwa brytyjskiego studia FireFly, które zapoczątkowało serię Stronghold (w Polsce znaną jako Twierdza). W Stronghold: Crusader II po raz kolejny wcielamy się w dowódcę wojsk na Bliskim Wschodzie w epoce krucjat. Stając po stronie zachodniego rycerstwa bądź sił arabskich, zarządzamy zamkami, odpieramy ataki i przeprowadzamy działania wojenne zakrojone na dużą skalę. Podobnie jak w poprzedniej ods','2021-01-12',1,'PEGI7',4),(130,'Stronghold: Crusader II',134,1,'Stronghold: Crusader II to strategia czasu rzeczywistego, będąca kontynuacją tytułu z 2002 roku autorstwa brytyjskiego studia FireFly, które zapoczątkowało serię Stronghold (w Polsce znaną jako Twierdza). W Stronghold: Crusader II po raz kolejny wcielamy się w dowódcę wojsk na Bliskim Wschodzie w epoce krucjat. Stając po stronie zachodniego rycerstwa bądź sił arabskich, zarządzamy zamkami, odpieramy ataki i przeprowadzamy działania wojenne zakrojone na dużą skalę. Podobnie jak w poprzedniej ods','2021-01-12',1,'PEGI12',4),(131,'Stronghold: Crusader II',107,104,'Stronghold: Crusader II to strategia czasu rzeczywistego, będąca kontynuacją tytułu z 2002 roku autorstwa brytyjskiego studia FireFly, które zapoczątkowało serię Stronghold (w Polsce znaną jako Twierdza). W Stronghold: Crusader II po raz kolejny wcielamy się w dowódcę wojsk na Bliskim Wschodzie w epoce krucjat. Stając po stronie zachodniego rycerstwa bądź sił arabskich, zarządzamy zamkami, odpieramy ataki i przeprowadzamy działania wojenne zakrojone na dużą skalę. Podobnie jak w poprzedniej ods','2021-01-12',0,'PEGI18',4),(132,'Stronghold: Crusader II',242,104,'Stronghold: Crusader II to strategia czasu rzeczywistego, będąca kontynuacją tytułu z 2002 roku autorstwa brytyjskiego studia FireFly, które zapoczątkowało serię Stronghold (w Polsce znaną jako Twierdza). W Stronghold: Crusader II po raz kolejny wcielamy się w dowódcę wojsk na Bliskim Wschodzie w epoce krucjat. Stając po stronie zachodniego rycerstwa bądź sił arabskich, zarządzamy zamkami, odpieramy ataki i przeprowadzamy działania wojenne zakrojone na dużą skalę. Podobnie jak w poprzedniej ods','2021-01-12',0,'PEGI7',3),(133,'Stronghold: Crusader II',43,104,'Stronghold: Crusader II to strategia czasu rzeczywistego, będąca kontynuacją tytułu z 2002 roku autorstwa brytyjskiego studia FireFly, które zapoczątkowało serię Stronghold (w Polsce znaną jako Twierdza). W Stronghold: Crusader II po raz kolejny wcielamy się w dowódcę wojsk na Bliskim Wschodzie w epoce krucjat. Stając po stronie zachodniego rycerstwa bądź sił arabskich, zarządzamy zamkami, odpieramy ataki i przeprowadzamy działania wojenne zakrojone na dużą skalę. Podobnie jak w poprzedniej ods','2021-01-12',0,'PEGI18',3),(134,'Stronghold: Crusader II',49,104,'Stronghold: Crusader II to strategia czasu rzeczywistego, będąca kontynuacją tytułu z 2002 roku autorstwa brytyjskiego studia FireFly, które zapoczątkowało serię Stronghold (w Polsce znaną jako Twierdza). W Stronghold: Crusader II po raz kolejny wcielamy się w dowódcę wojsk na Bliskim Wschodzie w epoce krucjat. Stając po stronie zachodniego rycerstwa bądź sił arabskich, zarządzamy zamkami, odpieramy ataki i przeprowadzamy działania wojenne zakrojone na dużą skalę. Podobnie jak w poprzedniej ods','2021-01-12',0,'PEGI18',4),(135,'Stronghold: Crusader II',141,104,'Stronghold: Crusader II to strategia czasu rzeczywistego, będąca kontynuacją tytułu z 2002 roku autorstwa brytyjskiego studia FireFly, które zapoczątkowało serię Stronghold (w Polsce znaną jako Twierdza). W Stronghold: Crusader II po raz kolejny wcielamy się w dowódcę wojsk na Bliskim Wschodzie w epoce krucjat. Stając po stronie zachodniego rycerstwa bądź sił arabskich, zarządzamy zamkami, odpieramy ataki i przeprowadzamy działania wojenne zakrojone na dużą skalę. Podobnie jak w poprzedniej ods','2021-01-12',0,'PEGI18',3),(136,'Stronghold: Crusader II',104,2,'Stronghold: Crusader II to strategia czasu rzeczywistego, będąca kontynuacją tytułu z 2002 roku autorstwa brytyjskiego studia FireFly, które zapoczątkowało serię Stronghold (w Polsce znaną jako Twierdza). W Stronghold: Crusader II po raz kolejny wcielamy się w dowódcę wojsk na Bliskim Wschodzie w epoce krucjat. Stając po stronie zachodniego rycerstwa bądź sił arabskich, zarządzamy zamkami, odpieramy ataki i przeprowadzamy działania wojenne zakrojone na dużą skalę. Podobnie jak w poprzedniej ods','2021-01-12',0,'PEGI7',2),(137,'Stronghold: Crusader II',196,4,'Stronghold: Crusader II to strategia czasu rzeczywistego, będąca kontynuacją tytułu z 2002 roku autorstwa brytyjskiego studia FireFly, które zapoczątkowało serię Stronghold (w Polsce znaną jako Twierdza). W Stronghold: Crusader II po raz kolejny wcielamy się w dowódcę wojsk na Bliskim Wschodzie w epoce krucjat. Stając po stronie zachodniego rycerstwa bądź sił arabskich, zarządzamy zamkami, odpieramy ataki i przeprowadzamy działania wojenne zakrojone na dużą skalę. Podobnie jak w poprzedniej ods','2021-01-12',0,'PEGI12',2),(138,'Stronghold: Crusader II',95,104,'Stronghold: Crusader II to strategia czasu rzeczywistego, będąca kontynuacją tytułu z 2002 roku autorstwa brytyjskiego studia FireFly, które zapoczątkowało serię Stronghold (w Polsce znaną jako Twierdza). W Stronghold: Crusader II po raz kolejny wcielamy się w dowódcę wojsk na Bliskim Wschodzie w epoce krucjat. Stając po stronie zachodniego rycerstwa bądź sił arabskich, zarządzamy zamkami, odpieramy ataki i przeprowadzamy działania wojenne zakrojone na dużą skalę. Podobnie jak w poprzedniej ods','2021-01-12',0,'PEGI18',1),(139,'Stronghold: Crusader II',178,104,'Stronghold: Crusader II to strategia czasu rzeczywistego, będąca kontynuacją tytułu z 2002 roku autorstwa brytyjskiego studia FireFly, które zapoczątkowało serię Stronghold (w Polsce znaną jako Twierdza). W Stronghold: Crusader II po raz kolejny wcielamy się w dowódcę wojsk na Bliskim Wschodzie w epoce krucjat. Stając po stronie zachodniego rycerstwa bądź sił arabskich, zarządzamy zamkami, odpieramy ataki i przeprowadzamy działania wojenne zakrojone na dużą skalę. Podobnie jak w poprzedniej ods','2021-01-12',0,'PEGI18',4),(140,'Stronghold: Crusader II',42,0,'Stronghold: Crusader II to strategia czasu rzeczywistego, będąca kontynuacją tytułu z 2002 roku autorstwa brytyjskiego studia FireFly, które zapoczątkowało serię Stronghold (w Polsce znaną jako Twierdza). W Stronghold: Crusader II po raz kolejny wcielamy się w dowódcę wojsk na Bliskim Wschodzie w epoce krucjat. Stając po stronie zachodniego rycerstwa bądź sił arabskich, zarządzamy zamkami, odpieramy ataki i przeprowadzamy działania wojenne zakrojone na dużą skalę. Podobnie jak w poprzedniej ods','2021-01-12',0,'PEGI16',2),(141,'Gta V',38,120,'Grand Theft Auto V – kolejna odsłona kultowej serii gangsterskich gier akcji studia Rockstar North – zabiera nas do świata wzorowanego na Kalifornii. W uniwersum Grand Theft Auto stan nosi nazwę San Andreas i składa się między innymi z miasta Los Santos, które stanowi główne miejsce akcji piątki. Tworząc swój świat Rockstar jeszcze raz postanowił sparodiować znaną nam rzeczywistość, ośmieszając ideologie, produkty, zjawiska i zachowania ludzi. Jednocześnie twórcy GTA V postarali się o rozbudowa','2021-01-12',0,'PEGI7',1),(142,'Gta V',66,0,'Grand Theft Auto V – kolejna odsłona kultowej serii gangsterskich gier akcji studia Rockstar North – zabiera nas do świata wzorowanego na Kalifornii. W uniwersum Grand Theft Auto stan nosi nazwę San Andreas i składa się między innymi z miasta Los Santos, które stanowi główne miejsce akcji piątki. Tworząc swój świat Rockstar jeszcze raz postanowił sparodiować znaną nam rzeczywistość, ośmieszając ideologie, produkty, zjawiska i zachowania ludzi. Jednocześnie twórcy GTA V postarali się o rozbudowa','2021-01-12',0,'PEGI16',2),(143,'Gta V',217,120,'Grand Theft Auto V – kolejna odsłona kultowej serii gangsterskich gier akcji studia Rockstar North – zabiera nas do świata wzorowanego na Kalifornii. W uniwersum Grand Theft Auto stan nosi nazwę San Andreas i składa się między innymi z miasta Los Santos, które stanowi główne miejsce akcji piątki. Tworząc swój świat Rockstar jeszcze raz postanowił sparodiować znaną nam rzeczywistość, ośmieszając ideologie, produkty, zjawiska i zachowania ludzi. Jednocześnie twórcy GTA V postarali się o rozbudowa','2021-01-12',0,'PEGI12',3),(144,'Gta V',73,120,'Grand Theft Auto V – kolejna odsłona kultowej serii gangsterskich gier akcji studia Rockstar North – zabiera nas do świata wzorowanego na Kalifornii. W uniwersum Grand Theft Auto stan nosi nazwę San Andreas i składa się między innymi z miasta Los Santos, które stanowi główne miejsce akcji piątki. Tworząc swój świat Rockstar jeszcze raz postanowił sparodiować znaną nam rzeczywistość, ośmieszając ideologie, produkty, zjawiska i zachowania ludzi. Jednocześnie twórcy GTA V postarali się o rozbudowa','2021-01-12',0,'PEGI12',3),(145,'Gta V',26,120,'Grand Theft Auto V – kolejna odsłona kultowej serii gangsterskich gier akcji studia Rockstar North – zabiera nas do świata wzorowanego na Kalifornii. W uniwersum Grand Theft Auto stan nosi nazwę San Andreas i składa się między innymi z miasta Los Santos, które stanowi główne miejsce akcji piątki. Tworząc swój świat Rockstar jeszcze raz postanowił sparodiować znaną nam rzeczywistość, ośmieszając ideologie, produkty, zjawiska i zachowania ludzi. Jednocześnie twórcy GTA V postarali się o rozbudowa','2021-01-12',0,'PEGI7',3),(146,'Gta V',51,120,'Grand Theft Auto V – kolejna odsłona kultowej serii gangsterskich gier akcji studia Rockstar North – zabiera nas do świata wzorowanego na Kalifornii. W uniwersum Grand Theft Auto stan nosi nazwę San Andreas i składa się między innymi z miasta Los Santos, które stanowi główne miejsce akcji piątki. Tworząc swój świat Rockstar jeszcze raz postanowił sparodiować znaną nam rzeczywistość, ośmieszając ideologie, produkty, zjawiska i zachowania ludzi. Jednocześnie twórcy GTA V postarali się o rozbudowa','2021-01-12',0,'PEGI16',4),(147,'Gta V',205,120,'Grand Theft Auto V – kolejna odsłona kultowej serii gangsterskich gier akcji studia Rockstar North – zabiera nas do świata wzorowanego na Kalifornii. W uniwersum Grand Theft Auto stan nosi nazwę San Andreas i składa się między innymi z miasta Los Santos, które stanowi główne miejsce akcji piątki. Tworząc swój świat Rockstar jeszcze raz postanowił sparodiować znaną nam rzeczywistość, ośmieszając ideologie, produkty, zjawiska i zachowania ludzi. Jednocześnie twórcy GTA V postarali się o rozbudowa','2021-01-12',0,'PEGI16',3),(148,'Gta V',89,120,'Grand Theft Auto V – kolejna odsłona kultowej serii gangsterskich gier akcji studia Rockstar North – zabiera nas do świata wzorowanego na Kalifornii. W uniwersum Grand Theft Auto stan nosi nazwę San Andreas i składa się między innymi z miasta Los Santos, które stanowi główne miejsce akcji piątki. Tworząc swój świat Rockstar jeszcze raz postanowił sparodiować znaną nam rzeczywistość, ośmieszając ideologie, produkty, zjawiska i zachowania ludzi. Jednocześnie twórcy GTA V postarali się o rozbudowa','2021-01-12',0,'PEGI7',4),(149,'Gta V',22,0,'Grand Theft Auto V – kolejna odsłona kultowej serii gangsterskich gier akcji studia Rockstar North – zabiera nas do świata wzorowanego na Kalifornii. W uniwersum Grand Theft Auto stan nosi nazwę San Andreas i składa się między innymi z miasta Los Santos, które stanowi główne miejsce akcji piątki. Tworząc swój świat Rockstar jeszcze raz postanowił sparodiować znaną nam rzeczywistość, ośmieszając ideologie, produkty, zjawiska i zachowania ludzi. Jednocześnie twórcy GTA V postarali się o rozbudowa','2021-01-12',0,'PEGI7',2),(150,'Gta V',246,120,'Grand Theft Auto V – kolejna odsłona kultowej serii gangsterskich gier akcji studia Rockstar North – zabiera nas do świata wzorowanego na Kalifornii. W uniwersum Grand Theft Auto stan nosi nazwę San Andreas i składa się między innymi z miasta Los Santos, które stanowi główne miejsce akcji piątki. Tworząc swój świat Rockstar jeszcze raz postanowił sparodiować znaną nam rzeczywistość, ośmieszając ideologie, produkty, zjawiska i zachowania ludzi. Jednocześnie twórcy GTA V postarali się o rozbudowa','2021-01-12',0,'PEGI7',1),(151,'Gta V',206,233,'Grand Theft Auto V – kolejna odsłona kultowej serii gangsterskich gier akcji studia Rockstar North – zabiera nas do świata wzorowanego na Kalifornii. W uniwersum Grand Theft Auto stan nosi nazwę San Andreas i składa się między innymi z miasta Los Santos, które stanowi główne miejsce akcji piątki. Tworząc swój świat Rockstar jeszcze raz postanowił sparodiować znaną nam rzeczywistość, ośmieszając ideologie, produkty, zjawiska i zachowania ludzi. Jednocześnie twórcy GTA V postarali się o rozbudowa','2021-01-12',1,'PEGI16',1),(152,'Gta V',268,233,'Grand Theft Auto V – kolejna odsłona kultowej serii gangsterskich gier akcji studia Rockstar North – zabiera nas do świata wzorowanego na Kalifornii. W uniwersum Grand Theft Auto stan nosi nazwę San Andreas i składa się między innymi z miasta Los Santos, które stanowi główne miejsce akcji piątki. Tworząc swój świat Rockstar jeszcze raz postanowił sparodiować znaną nam rzeczywistość, ośmieszając ideologie, produkty, zjawiska i zachowania ludzi. Jednocześnie twórcy GTA V postarali się o rozbudowa','2021-01-12',1,'PEGI16',1),(153,'Gta V',193,233,'Grand Theft Auto V – kolejna odsłona kultowej serii gangsterskich gier akcji studia Rockstar North – zabiera nas do świata wzorowanego na Kalifornii. W uniwersum Grand Theft Auto stan nosi nazwę San Andreas i składa się między innymi z miasta Los Santos, które stanowi główne miejsce akcji piątki. Tworząc swój świat Rockstar jeszcze raz postanowił sparodiować znaną nam rzeczywistość, ośmieszając ideologie, produkty, zjawiska i zachowania ludzi. Jednocześnie twórcy GTA V postarali się o rozbudowa','2021-01-12',1,'PEGI12',4),(154,'Gta V',31,233,'Grand Theft Auto V – kolejna odsłona kultowej serii gangsterskich gier akcji studia Rockstar North – zabiera nas do świata wzorowanego na Kalifornii. W uniwersum Grand Theft Auto stan nosi nazwę San Andreas i składa się między innymi z miasta Los Santos, które stanowi główne miejsce akcji piątki. Tworząc swój świat Rockstar jeszcze raz postanowił sparodiować znaną nam rzeczywistość, ośmieszając ideologie, produkty, zjawiska i zachowania ludzi. Jednocześnie twórcy GTA V postarali się o rozbudowa','2021-01-12',1,'PEGI18',1),(155,'Gta V',132,233,'Grand Theft Auto V – kolejna odsłona kultowej serii gangsterskich gier akcji studia Rockstar North – zabiera nas do świata wzorowanego na Kalifornii. W uniwersum Grand Theft Auto stan nosi nazwę San Andreas i składa się między innymi z miasta Los Santos, które stanowi główne miejsce akcji piątki. Tworząc swój świat Rockstar jeszcze raz postanowił sparodiować znaną nam rzeczywistość, ośmieszając ideologie, produkty, zjawiska i zachowania ludzi. Jednocześnie twórcy GTA V postarali się o rozbudowa','2021-01-12',1,'PEGI12',3),(156,'Gta V',120,233,'Grand Theft Auto V – kolejna odsłona kultowej serii gangsterskich gier akcji studia Rockstar North – zabiera nas do świata wzorowanego na Kalifornii. W uniwersum Grand Theft Auto stan nosi nazwę San Andreas i składa się między innymi z miasta Los Santos, które stanowi główne miejsce akcji piątki. Tworząc swój świat Rockstar jeszcze raz postanowił sparodiować znaną nam rzeczywistość, ośmieszając ideologie, produkty, zjawiska i zachowania ludzi. Jednocześnie twórcy GTA V postarali się o rozbudowa','2021-01-12',1,'PEGI7',2),(157,'Gta V',262,233,'Grand Theft Auto V – kolejna odsłona kultowej serii gangsterskich gier akcji studia Rockstar North – zabiera nas do świata wzorowanego na Kalifornii. W uniwersum Grand Theft Auto stan nosi nazwę San Andreas i składa się między innymi z miasta Los Santos, które stanowi główne miejsce akcji piątki. Tworząc swój świat Rockstar jeszcze raz postanowił sparodiować znaną nam rzeczywistość, ośmieszając ideologie, produkty, zjawiska i zachowania ludzi. Jednocześnie twórcy GTA V postarali się o rozbudowa','2021-01-12',1,'PEGI18',3),(158,'Gta V',233,233,'Grand Theft Auto V – kolejna odsłona kultowej serii gangsterskich gier akcji studia Rockstar North – zabiera nas do świata wzorowanego na Kalifornii. W uniwersum Grand Theft Auto stan nosi nazwę San Andreas i składa się między innymi z miasta Los Santos, które stanowi główne miejsce akcji piątki. Tworząc swój świat Rockstar jeszcze raz postanowił sparodiować znaną nam rzeczywistość, ośmieszając ideologie, produkty, zjawiska i zachowania ludzi. Jednocześnie twórcy GTA V postarali się o rozbudowa','2021-01-12',1,'PEGI12',3),(159,'Gta V',171,233,'Grand Theft Auto V – kolejna odsłona kultowej serii gangsterskich gier akcji studia Rockstar North – zabiera nas do świata wzorowanego na Kalifornii. W uniwersum Grand Theft Auto stan nosi nazwę San Andreas i składa się między innymi z miasta Los Santos, które stanowi główne miejsce akcji piątki. Tworząc swój świat Rockstar jeszcze raz postanowił sparodiować znaną nam rzeczywistość, ośmieszając ideologie, produkty, zjawiska i zachowania ludzi. Jednocześnie twórcy GTA V postarali się o rozbudowa','2021-01-12',1,'PEGI16',4),(160,'Gta V',244,233,'Grand Theft Auto V – kolejna odsłona kultowej serii gangsterskich gier akcji studia Rockstar North – zabiera nas do świata wzorowanego na Kalifornii. W uniwersum Grand Theft Auto stan nosi nazwę San Andreas i składa się między innymi z miasta Los Santos, które stanowi główne miejsce akcji piątki. Tworząc swój świat Rockstar jeszcze raz postanowił sparodiować znaną nam rzeczywistość, ośmieszając ideologie, produkty, zjawiska i zachowania ludzi. Jednocześnie twórcy GTA V postarali się o rozbudowa','2021-01-12',1,'PEGI16',2),(161,'Hitman 3',134,300,'Hitman 3 to skradankowa gra akcji studia IO Software. Podczas zabawy kierujemy płatnym mordercą znanym jako Agent 47 i wykonujemy zlecenia, w którym wyeliminowanie celów da się zrealizować na wiele różnych sposobów.','2021-01-12',1,'PEGI12',3),(162,'Hitman 3',78,300,'Hitman 3 to skradankowa gra akcji studia IO Software. Podczas zabawy kierujemy płatnym mordercą znanym jako Agent 47 i wykonujemy zlecenia, w którym wyeliminowanie celów da się zrealizować na wiele różnych sposobów.','2021-01-12',1,'PEGI12',3),(163,'Hitman 3',267,300,'Hitman 3 to skradankowa gra akcji studia IO Software. Podczas zabawy kierujemy płatnym mordercą znanym jako Agent 47 i wykonujemy zlecenia, w którym wyeliminowanie celów da się zrealizować na wiele różnych sposobów.','2021-01-12',1,'PEGI12',4),(164,'Hitman 3',260,300,'Hitman 3 to skradankowa gra akcji studia IO Software. Podczas zabawy kierujemy płatnym mordercą znanym jako Agent 47 i wykonujemy zlecenia, w którym wyeliminowanie celów da się zrealizować na wiele różnych sposobów.','2021-01-12',1,'PEGI18',1),(165,'Hitman 3',28,300,'Hitman 3 to skradankowa gra akcji studia IO Software. Podczas zabawy kierujemy płatnym mordercą znanym jako Agent 47 i wykonujemy zlecenia, w którym wyeliminowanie celów da się zrealizować na wiele różnych sposobów.','2021-01-12',1,'PEGI18',3),(166,'Hitman 3',215,300,'Hitman 3 to skradankowa gra akcji studia IO Software. Podczas zabawy kierujemy płatnym mordercą znanym jako Agent 47 i wykonujemy zlecenia, w którym wyeliminowanie celów da się zrealizować na wiele różnych sposobów.','2021-01-12',1,'PEGI12',1),(167,'Hitman 3',194,300,'Hitman 3 to skradankowa gra akcji studia IO Software. Podczas zabawy kierujemy płatnym mordercą znanym jako Agent 47 i wykonujemy zlecenia, w którym wyeliminowanie celów da się zrealizować na wiele różnych sposobów.','2021-01-12',1,'PEGI16',1),(168,'Hitman 3',52,300,'Hitman 3 to skradankowa gra akcji studia IO Software. Podczas zabawy kierujemy płatnym mordercą znanym jako Agent 47 i wykonujemy zlecenia, w którym wyeliminowanie celów da się zrealizować na wiele różnych sposobów.','2021-01-12',1,'PEGI18',2),(169,'Hitman 3',241,300,'Hitman 3 to skradankowa gra akcji studia IO Software. Podczas zabawy kierujemy płatnym mordercą znanym jako Agent 47 i wykonujemy zlecenia, w którym wyeliminowanie celów da się zrealizować na wiele różnych sposobów.','2021-01-12',1,'PEGI18',3),(170,'Hitman 3',171,300,'Hitman 3 to skradankowa gra akcji studia IO Software. Podczas zabawy kierujemy płatnym mordercą znanym jako Agent 47 i wykonujemy zlecenia, w którym wyeliminowanie celów da się zrealizować na wiele różnych sposobów.','2021-01-12',1,'PEGI7',1),(171,'Hitman 3',67,0,'Hitman 3 to skradankowa gra akcji studia IO Software. Podczas zabawy kierujemy płatnym mordercą znanym jako Agent 47 i wykonujemy zlecenia, w którym wyeliminowanie celów da się zrealizować na wiele różnych sposobów.','2021-01-12',0,'PEGI7',2),(172,'Hitman 3',267,42,'Hitman 3 to skradankowa gra akcji studia IO Software. Podczas zabawy kierujemy płatnym mordercą znanym jako Agent 47 i wykonujemy zlecenia, w którym wyeliminowanie celów da się zrealizować na wiele różnych sposobów.','2021-01-12',0,'PEGI18',3),(173,'Hitman 3',248,42,'Hitman 3 to skradankowa gra akcji studia IO Software. Podczas zabawy kierujemy płatnym mordercą znanym jako Agent 47 i wykonujemy zlecenia, w którym wyeliminowanie celów da się zrealizować na wiele różnych sposobów.','2021-01-12',0,'PEGI16',1),(174,'Hitman 3',30,42,'Hitman 3 to skradankowa gra akcji studia IO Software. Podczas zabawy kierujemy płatnym mordercą znanym jako Agent 47 i wykonujemy zlecenia, w którym wyeliminowanie celów da się zrealizować na wiele różnych sposobów.','2021-01-12',0,'PEGI16',3),(175,'Hitman 3',220,42,'Hitman 3 to skradankowa gra akcji studia IO Software. Podczas zabawy kierujemy płatnym mordercą znanym jako Agent 47 i wykonujemy zlecenia, w którym wyeliminowanie celów da się zrealizować na wiele różnych sposobów.','2021-01-12',0,'PEGI18',1),(176,'Hitman 3',247,42,'Hitman 3 to skradankowa gra akcji studia IO Software. Podczas zabawy kierujemy płatnym mordercą znanym jako Agent 47 i wykonujemy zlecenia, w którym wyeliminowanie celów da się zrealizować na wiele różnych sposobów.','2021-01-12',0,'PEGI16',1),(177,'Hitman 3',265,42,'Hitman 3 to skradankowa gra akcji studia IO Software. Podczas zabawy kierujemy płatnym mordercą znanym jako Agent 47 i wykonujemy zlecenia, w którym wyeliminowanie celów da się zrealizować na wiele różnych sposobów.','2021-01-12',0,'PEGI12',3),(178,'Hitman 3',189,42,'Hitman 3 to skradankowa gra akcji studia IO Software. Podczas zabawy kierujemy płatnym mordercą znanym jako Agent 47 i wykonujemy zlecenia, w którym wyeliminowanie celów da się zrealizować na wiele różnych sposobów.','2021-01-12',0,'PEGI7',2),(179,'Hitman 3',115,42,'Hitman 3 to skradankowa gra akcji studia IO Software. Podczas zabawy kierujemy płatnym mordercą znanym jako Agent 47 i wykonujemy zlecenia, w którym wyeliminowanie celów da się zrealizować na wiele różnych sposobów.','2021-01-12',0,'PEGI7',1),(180,'Hitman 3',115,42,'Hitman 3 to skradankowa gra akcji studia IO Software. Podczas zabawy kierujemy płatnym mordercą znanym jako Agent 47 i wykonujemy zlecenia, w którym wyeliminowanie celów da się zrealizować na wiele różnych sposobów.','2021-01-12',0,'PEGI12',4),(181,'Red dead redemption II',261,200,'Trzecia część serii Red Dead, a zarazem prequel bestsellerowego Red Dead Redemption. W Red Dead Redemption 2 gracze trafiają na Dziki Zachód z 1899 roku, by w skórze Arthura Morgana stawić czoła problemom, jakie trapią gang Dutcha van der Lindego.','2021-01-12',1,'PEGI7',4),(182,'Red dead redemption II',245,200,'Trzecia część serii Red Dead, a zarazem prequel bestsellerowego Red Dead Redemption. W Red Dead Redemption 2 gracze trafiają na Dziki Zachód z 1899 roku, by w skórze Arthura Morgana stawić czoła problemom, jakie trapią gang Dutcha van der Lindego.','2021-01-12',1,'PEGI18',3),(183,'Red dead redemption II',77,200,'Trzecia część serii Red Dead, a zarazem prequel bestsellerowego Red Dead Redemption. W Red Dead Redemption 2 gracze trafiają na Dziki Zachód z 1899 roku, by w skórze Arthura Morgana stawić czoła problemom, jakie trapią gang Dutcha van der Lindego.','2021-01-12',1,'PEGI12',3),(184,'Red dead redemption II',26,200,'Trzecia część serii Red Dead, a zarazem prequel bestsellerowego Red Dead Redemption. W Red Dead Redemption 2 gracze trafiają na Dziki Zachód z 1899 roku, by w skórze Arthura Morgana stawić czoła problemom, jakie trapią gang Dutcha van der Lindego.','2021-01-12',1,'PEGI7',1),(185,'Red dead redemption II',247,200,'Trzecia część serii Red Dead, a zarazem prequel bestsellerowego Red Dead Redemption. W Red Dead Redemption 2 gracze trafiają na Dziki Zachód z 1899 roku, by w skórze Arthura Morgana stawić czoła problemom, jakie trapią gang Dutcha van der Lindego.','2021-01-12',1,'PEGI12',1),(186,'Red dead redemption II',266,200,'Trzecia część serii Red Dead, a zarazem prequel bestsellerowego Red Dead Redemption. W Red Dead Redemption 2 gracze trafiają na Dziki Zachód z 1899 roku, by w skórze Arthura Morgana stawić czoła problemom, jakie trapią gang Dutcha van der Lindego.','2021-01-12',1,'PEGI7',2),(187,'Red dead redemption II',157,200,'Trzecia część serii Red Dead, a zarazem prequel bestsellerowego Red Dead Redemption. W Red Dead Redemption 2 gracze trafiają na Dziki Zachód z 1899 roku, by w skórze Arthura Morgana stawić czoła problemom, jakie trapią gang Dutcha van der Lindego.','2021-01-12',1,'PEGI18',1),(188,'Red dead redemption II',148,200,'Trzecia część serii Red Dead, a zarazem prequel bestsellerowego Red Dead Redemption. W Red Dead Redemption 2 gracze trafiają na Dziki Zachód z 1899 roku, by w skórze Arthura Morgana stawić czoła problemom, jakie trapią gang Dutcha van der Lindego.','2021-01-12',1,'PEGI12',3),(189,'Red dead redemption II',184,200,'Trzecia część serii Red Dead, a zarazem prequel bestsellerowego Red Dead Redemption. W Red Dead Redemption 2 gracze trafiają na Dziki Zachód z 1899 roku, by w skórze Arthura Morgana stawić czoła problemom, jakie trapią gang Dutcha van der Lindego.','2021-01-12',1,'PEGI16',1),(190,'Red dead redemption II',106,200,'Trzecia część serii Red Dead, a zarazem prequel bestsellerowego Red Dead Redemption. W Red Dead Redemption 2 gracze trafiają na Dziki Zachód z 1899 roku, by w skórze Arthura Morgana stawić czoła problemom, jakie trapią gang Dutcha van der Lindego.','2021-01-12',1,'PEGI16',4),(191,'Red dead redemption II',160,50,'Trzecia część serii Red Dead, a zarazem prequel bestsellerowego Red Dead Redemption. W Red Dead Redemption 2 gracze trafiają na Dziki Zachód z 1899 roku, by w skórze Arthura Morgana stawić czoła problemom, jakie trapią gang Dutcha van der Lindego.','2021-01-12',0,'PEGI18',1),(192,'Red dead redemption II',240,50,'Trzecia część serii Red Dead, a zarazem prequel bestsellerowego Red Dead Redemption. W Red Dead Redemption 2 gracze trafiają na Dziki Zachód z 1899 roku, by w skórze Arthura Morgana stawić czoła problemom, jakie trapią gang Dutcha van der Lindego.','2021-01-12',0,'PEGI12',2),(193,'Red dead redemption II',117,50,'Trzecia część serii Red Dead, a zarazem prequel bestsellerowego Red Dead Redemption. W Red Dead Redemption 2 gracze trafiają na Dziki Zachód z 1899 roku, by w skórze Arthura Morgana stawić czoła problemom, jakie trapią gang Dutcha van der Lindego.','2021-01-12',0,'PEGI16',4),(194,'Red dead redemption II',116,50,'Trzecia część serii Red Dead, a zarazem prequel bestsellerowego Red Dead Redemption. W Red Dead Redemption 2 gracze trafiają na Dziki Zachód z 1899 roku, by w skórze Arthura Morgana stawić czoła problemom, jakie trapią gang Dutcha van der Lindego.','2021-01-12',0,'PEGI18',4),(195,'Red dead redemption II',162,50,'Trzecia część serii Red Dead, a zarazem prequel bestsellerowego Red Dead Redemption. W Red Dead Redemption 2 gracze trafiają na Dziki Zachód z 1899 roku, by w skórze Arthura Morgana stawić czoła problemom, jakie trapią gang Dutcha van der Lindego.','2021-01-12',0,'PEGI12',3),(196,'Red dead redemption II',268,50,'Trzecia część serii Red Dead, a zarazem prequel bestsellerowego Red Dead Redemption. W Red Dead Redemption 2 gracze trafiają na Dziki Zachód z 1899 roku, by w skórze Arthura Morgana stawić czoła problemom, jakie trapią gang Dutcha van der Lindego.','2021-01-12',0,'PEGI16',3),(197,'Red dead redemption II',165,50,'Trzecia część serii Red Dead, a zarazem prequel bestsellerowego Red Dead Redemption. W Red Dead Redemption 2 gracze trafiają na Dziki Zachód z 1899 roku, by w skórze Arthura Morgana stawić czoła problemom, jakie trapią gang Dutcha van der Lindego.','2021-01-12',0,'PEGI16',3),(198,'Red dead redemption II',90,50,'Trzecia część serii Red Dead, a zarazem prequel bestsellerowego Red Dead Redemption. W Red Dead Redemption 2 gracze trafiają na Dziki Zachód z 1899 roku, by w skórze Arthura Morgana stawić czoła problemom, jakie trapią gang Dutcha van der Lindego.','2021-01-12',0,'PEGI18',4),(199,'Red dead redemption II',115,50,'Trzecia część serii Red Dead, a zarazem prequel bestsellerowego Red Dead Redemption. W Red Dead Redemption 2 gracze trafiają na Dziki Zachód z 1899 roku, by w skórze Arthura Morgana stawić czoła problemom, jakie trapią gang Dutcha van der Lindego.','2021-01-12',0,'PEGI7',3),(200,'Red dead redemption II',141,50,'Trzecia część serii Red Dead, a zarazem prequel bestsellerowego Red Dead Redemption. W Red Dead Redemption 2 gracze trafiają na Dziki Zachód z 1899 roku, by w skórze Arthura Morgana stawić czoła problemom, jakie trapią gang Dutcha van der Lindego.','2021-01-12',0,'PEGI12',2),(201,'Wiedzmin 3: Dziki gon',186,100,'Gra action RPG, stanowiąca trzecią część przygód Geralta z Rivii. Podobnie jak we wcześniejszych odsłonach cyklu, Wiedźmin 3: Dziki Gon bazuje na motywach twórczości literackiej Andrzeja Sapkowskiego, jednak nie jest bezpośrednią adaptacją żadnej z jego książek. Fabuła gry koncentruje się na kilku wątkach dotyczących m.in. utraconej miłości Geralta, inwazji Nilfgaardu na Królestwa Północy oraz tytułowych, mitycznych łowów. Rozgrywka utrzymana jest w sandboksowym stylu, dając graczom dużą swobod','2021-01-12',1,'PEGI12',2),(202,'Wiedzmin 3: Dziki gon',209,100,'Gra action RPG, stanowiąca trzecią część przygód Geralta z Rivii. Podobnie jak we wcześniejszych odsłonach cyklu, Wiedźmin 3: Dziki Gon bazuje na motywach twórczości literackiej Andrzeja Sapkowskiego, jednak nie jest bezpośrednią adaptacją żadnej z jego książek. Fabuła gry koncentruje się na kilku wątkach dotyczących m.in. utraconej miłości Geralta, inwazji Nilfgaardu na Królestwa Północy oraz tytułowych, mitycznych łowów. Rozgrywka utrzymana jest w sandboksowym stylu, dając graczom dużą swobod','2021-01-12',1,'PEGI16',2),(203,'Wiedzmin 3: Dziki gon',134,100,'Gra action RPG, stanowiąca trzecią część przygód Geralta z Rivii. Podobnie jak we wcześniejszych odsłonach cyklu, Wiedźmin 3: Dziki Gon bazuje na motywach twórczości literackiej Andrzeja Sapkowskiego, jednak nie jest bezpośrednią adaptacją żadnej z jego książek. Fabuła gry koncentruje się na kilku wątkach dotyczących m.in. utraconej miłości Geralta, inwazji Nilfgaardu na Królestwa Północy oraz tytułowych, mitycznych łowów. Rozgrywka utrzymana jest w sandboksowym stylu, dając graczom dużą swobod','2021-01-12',1,'PEGI18',1),(204,'Wiedzmin 3: Dziki gon',151,100,'Gra action RPG, stanowiąca trzecią część przygód Geralta z Rivii. Podobnie jak we wcześniejszych odsłonach cyklu, Wiedźmin 3: Dziki Gon bazuje na motywach twórczości literackiej Andrzeja Sapkowskiego, jednak nie jest bezpośrednią adaptacją żadnej z jego książek. Fabuła gry koncentruje się na kilku wątkach dotyczących m.in. utraconej miłości Geralta, inwazji Nilfgaardu na Królestwa Północy oraz tytułowych, mitycznych łowów. Rozgrywka utrzymana jest w sandboksowym stylu, dając graczom dużą swobod','2021-01-12',1,'PEGI16',1),(205,'Wiedzmin 3: Dziki gon',151,100,'Gra action RPG, stanowiąca trzecią część przygód Geralta z Rivii. Podobnie jak we wcześniejszych odsłonach cyklu, Wiedźmin 3: Dziki Gon bazuje na motywach twórczości literackiej Andrzeja Sapkowskiego, jednak nie jest bezpośrednią adaptacją żadnej z jego książek. Fabuła gry koncentruje się na kilku wątkach dotyczących m.in. utraconej miłości Geralta, inwazji Nilfgaardu na Królestwa Północy oraz tytułowych, mitycznych łowów. Rozgrywka utrzymana jest w sandboksowym stylu, dając graczom dużą swobod','2021-01-12',1,'PEGI18',3),(206,'Wiedzmin 3: Dziki gon',196,100,'Gra action RPG, stanowiąca trzecią część przygód Geralta z Rivii. Podobnie jak we wcześniejszych odsłonach cyklu, Wiedźmin 3: Dziki Gon bazuje na motywach twórczości literackiej Andrzeja Sapkowskiego, jednak nie jest bezpośrednią adaptacją żadnej z jego książek. Fabuła gry koncentruje się na kilku wątkach dotyczących m.in. utraconej miłości Geralta, inwazji Nilfgaardu na Królestwa Północy oraz tytułowych, mitycznych łowów. Rozgrywka utrzymana jest w sandboksowym stylu, dając graczom dużą swobod','2021-01-12',1,'PEGI12',3),(207,'Wiedzmin 3: Dziki gon',95,100,'Gra action RPG, stanowiąca trzecią część przygód Geralta z Rivii. Podobnie jak we wcześniejszych odsłonach cyklu, Wiedźmin 3: Dziki Gon bazuje na motywach twórczości literackiej Andrzeja Sapkowskiego, jednak nie jest bezpośrednią adaptacją żadnej z jego książek. Fabuła gry koncentruje się na kilku wątkach dotyczących m.in. utraconej miłości Geralta, inwazji Nilfgaardu na Królestwa Północy oraz tytułowych, mitycznych łowów. Rozgrywka utrzymana jest w sandboksowym stylu, dając graczom dużą swobod','2021-01-12',1,'PEGI16',2),(208,'Wiedzmin 3: Dziki gon',108,100,'Gra action RPG, stanowiąca trzecią część przygód Geralta z Rivii. Podobnie jak we wcześniejszych odsłonach cyklu, Wiedźmin 3: Dziki Gon bazuje na motywach twórczości literackiej Andrzeja Sapkowskiego, jednak nie jest bezpośrednią adaptacją żadnej z jego książek. Fabuła gry koncentruje się na kilku wątkach dotyczących m.in. utraconej miłości Geralta, inwazji Nilfgaardu na Królestwa Północy oraz tytułowych, mitycznych łowów. Rozgrywka utrzymana jest w sandboksowym stylu, dając graczom dużą swobod','2021-01-12',1,'PEGI7',1),(209,'Wiedzmin 3: Dziki gon',183,100,'Gra action RPG, stanowiąca trzecią część przygód Geralta z Rivii. Podobnie jak we wcześniejszych odsłonach cyklu, Wiedźmin 3: Dziki Gon bazuje na motywach twórczości literackiej Andrzeja Sapkowskiego, jednak nie jest bezpośrednią adaptacją żadnej z jego książek. Fabuła gry koncentruje się na kilku wątkach dotyczących m.in. utraconej miłości Geralta, inwazji Nilfgaardu na Królestwa Północy oraz tytułowych, mitycznych łowów. Rozgrywka utrzymana jest w sandboksowym stylu, dając graczom dużą swobod','2021-01-12',1,'PEGI16',1),(210,'Wiedzmin 3: Dziki gon',103,100,'Gra action RPG, stanowiąca trzecią część przygód Geralta z Rivii. Podobnie jak we wcześniejszych odsłonach cyklu, Wiedźmin 3: Dziki Gon bazuje na motywach twórczości literackiej Andrzeja Sapkowskiego, jednak nie jest bezpośrednią adaptacją żadnej z jego książek. Fabuła gry koncentruje się na kilku wątkach dotyczących m.in. utraconej miłości Geralta, inwazji Nilfgaardu na Królestwa Północy oraz tytułowych, mitycznych łowów. Rozgrywka utrzymana jest w sandboksowym stylu, dając graczom dużą swobod','2021-01-12',1,'PEGI12',4),(211,'GreedFall',111,199,'Kolejna gra RPG akcji w dorobku zespołu Spiders, działającego przy wsparciu firmy Focus Home Interactive. Produkcja przenosi graczy do oryginalnego uniwersum stylizowanego na XVII-wieczną Amerykę. Miejscem akcji jest wyspa, której mieszkańcy żyją w zgodzie z naturą i siłami nadprzyrodzonymi. Sprawy komplikują się w momencie, kiedy na miejsce przybywają reprezentanci bardziej zaawansowanych, kolonialnych potęg. Główny bohater trafia w sam środek konfliktu, jaki rozpętuje się pomiędzy autochtonam','2021-01-12',0,'PEGI7',4),(212,'GreedFall',121,197,'Kolejna gra RPG akcji w dorobku zespołu Spiders, działającego przy wsparciu firmy Focus Home Interactive. Produkcja przenosi graczy do oryginalnego uniwersum stylizowanego na XVII-wieczną Amerykę. Miejscem akcji jest wyspa, której mieszkańcy żyją w zgodzie z naturą i siłami nadprzyrodzonymi. Sprawy komplikują się w momencie, kiedy na miejsce przybywają reprezentanci bardziej zaawansowanych, kolonialnych potęg. Główny bohater trafia w sam środek konfliktu, jaki rozpętuje się pomiędzy autochtonam','2021-01-12',0,'PEGI16',4),(213,'GreedFall',108,200,'Kolejna gra RPG akcji w dorobku zespołu Spiders, działającego przy wsparciu firmy Focus Home Interactive. Produkcja przenosi graczy do oryginalnego uniwersum stylizowanego na XVII-wieczną Amerykę. Miejscem akcji jest wyspa, której mieszkańcy żyją w zgodzie z naturą i siłami nadprzyrodzonymi. Sprawy komplikują się w momencie, kiedy na miejsce przybywają reprezentanci bardziej zaawansowanych, kolonialnych potęg. Główny bohater trafia w sam środek konfliktu, jaki rozpętuje się pomiędzy autochtonam','2021-01-12',0,'PEGI18',4),(214,'GreedFall',44,199,'Kolejna gra RPG akcji w dorobku zespołu Spiders, działającego przy wsparciu firmy Focus Home Interactive. Produkcja przenosi graczy do oryginalnego uniwersum stylizowanego na XVII-wieczną Amerykę. Miejscem akcji jest wyspa, której mieszkańcy żyją w zgodzie z naturą i siłami nadprzyrodzonymi. Sprawy komplikują się w momencie, kiedy na miejsce przybywają reprezentanci bardziej zaawansowanych, kolonialnych potęg. Główny bohater trafia w sam środek konfliktu, jaki rozpętuje się pomiędzy autochtonam','2021-01-12',0,'PEGI12',4),(215,'GreedFall',49,200,'Kolejna gra RPG akcji w dorobku zespołu Spiders, działającego przy wsparciu firmy Focus Home Interactive. Produkcja przenosi graczy do oryginalnego uniwersum stylizowanego na XVII-wieczną Amerykę. Miejscem akcji jest wyspa, której mieszkańcy żyją w zgodzie z naturą i siłami nadprzyrodzonymi. Sprawy komplikują się w momencie, kiedy na miejsce przybywają reprezentanci bardziej zaawansowanych, kolonialnych potęg. Główny bohater trafia w sam środek konfliktu, jaki rozpętuje się pomiędzy autochtonam','2021-01-12',0,'PEGI7',4),(216,'GreedFall',260,200,'Kolejna gra RPG akcji w dorobku zespołu Spiders, działającego przy wsparciu firmy Focus Home Interactive. Produkcja przenosi graczy do oryginalnego uniwersum stylizowanego na XVII-wieczną Amerykę. Miejscem akcji jest wyspa, której mieszkańcy żyją w zgodzie z naturą i siłami nadprzyrodzonymi. Sprawy komplikują się w momencie, kiedy na miejsce przybywają reprezentanci bardziej zaawansowanych, kolonialnych potęg. Główny bohater trafia w sam środek konfliktu, jaki rozpętuje się pomiędzy autochtonam','2021-01-12',0,'PEGI18',1),(217,'GreedFall',166,200,'Kolejna gra RPG akcji w dorobku zespołu Spiders, działającego przy wsparciu firmy Focus Home Interactive. Produkcja przenosi graczy do oryginalnego uniwersum stylizowanego na XVII-wieczną Amerykę. Miejscem akcji jest wyspa, której mieszkańcy żyją w zgodzie z naturą i siłami nadprzyrodzonymi. Sprawy komplikują się w momencie, kiedy na miejsce przybywają reprezentanci bardziej zaawansowanych, kolonialnych potęg. Główny bohater trafia w sam środek konfliktu, jaki rozpętuje się pomiędzy autochtonam','2021-01-12',0,'PEGI7',1),(218,'GreedFall',118,200,'Kolejna gra RPG akcji w dorobku zespołu Spiders, działającego przy wsparciu firmy Focus Home Interactive. Produkcja przenosi graczy do oryginalnego uniwersum stylizowanego na XVII-wieczną Amerykę. Miejscem akcji jest wyspa, której mieszkańcy żyją w zgodzie z naturą i siłami nadprzyrodzonymi. Sprawy komplikują się w momencie, kiedy na miejsce przybywają reprezentanci bardziej zaawansowanych, kolonialnych potęg. Główny bohater trafia w sam środek konfliktu, jaki rozpętuje się pomiędzy autochtonam','2021-01-12',0,'PEGI7',1),(219,'GreedFall',30,200,'Kolejna gra RPG akcji w dorobku zespołu Spiders, działającego przy wsparciu firmy Focus Home Interactive. Produkcja przenosi graczy do oryginalnego uniwersum stylizowanego na XVII-wieczną Amerykę. Miejscem akcji jest wyspa, której mieszkańcy żyją w zgodzie z naturą i siłami nadprzyrodzonymi. Sprawy komplikują się w momencie, kiedy na miejsce przybywają reprezentanci bardziej zaawansowanych, kolonialnych potęg. Główny bohater trafia w sam środek konfliktu, jaki rozpętuje się pomiędzy autochtonam','2021-01-12',0,'PEGI7',1),(220,'GreedFall',225,200,'Kolejna gra RPG akcji w dorobku zespołu Spiders, działającego przy wsparciu firmy Focus Home Interactive. Produkcja przenosi graczy do oryginalnego uniwersum stylizowanego na XVII-wieczną Amerykę. Miejscem akcji jest wyspa, której mieszkańcy żyją w zgodzie z naturą i siłami nadprzyrodzonymi. Sprawy komplikują się w momencie, kiedy na miejsce przybywają reprezentanci bardziej zaawansowanych, kolonialnych potęg. Główny bohater trafia w sam środek konfliktu, jaki rozpętuje się pomiędzy autochtonam','2021-01-12',0,'PEGI16',4);
/*!40000 ALTER TABLE `games` ENABLE KEYS */;
UNLOCK TABLES;

--
-- Table structure for table `games_categories`
--

DROP TABLE IF EXISTS `games_categories`;
/*!40101 SET @saved_cs_client     = @@character_set_client */;
/*!50503 SET character_set_client = utf8mb4 */;
CREATE TABLE `games_categories` (
  `id` int unsigned NOT NULL AUTO_INCREMENT,
  `game_id` int unsigned NOT NULL,
  `category_id` int NOT NULL,
  PRIMARY KEY (`id`),
  KEY `fk_categories_games1_idx` (`game_id`),
  KEY `fk_games_categories_categories1_idx` (`category_id`),
  CONSTRAINT `fk_categories_games1` FOREIGN KEY (`game_id`) REFERENCES `games` (`id`),
  CONSTRAINT `fk_games_categories_categories1` FOREIGN KEY (`category_id`) REFERENCES `categories` (`id`)
) ENGINE=InnoDB AUTO_INCREMENT=681 DEFAULT CHARSET=utf8;
/*!40101 SET character_set_client = @saved_cs_client */;

--
-- Dumping data for table `games_categories`
--

LOCK TABLES `games_categories` WRITE;
/*!40000 ALTER TABLE `games_categories` DISABLE KEYS */;
INSERT INTO `games_categories` VALUES (341,111,6),(342,111,3),(343,111,5),(344,112,6),(345,112,3),(346,112,5),(347,113,6),(348,113,3),(349,113,5),(350,114,6),(351,114,3),(352,114,5),(353,115,6),(354,115,3),(355,115,5),(356,116,6),(357,116,3),(358,116,5),(359,117,6),(360,117,3),(361,117,5),(362,118,6),(363,118,3),(364,118,5),(365,119,6),(366,119,3),(367,119,5),(368,120,6),(369,120,3),(370,120,5),(371,121,6),(372,121,3),(373,121,5),(374,122,6),(375,122,3),(376,122,5),(377,123,6),(378,123,3),(379,123,5),(380,124,6),(381,124,3),(382,124,5),(383,125,6),(384,125,3),(385,125,5),(386,126,6),(387,126,3),(388,126,5),(389,127,6),(390,127,3),(391,127,5),(392,128,6),(393,128,3),(394,128,5),(395,129,6),(396,129,3),(397,129,5),(398,130,6),(399,130,3),(400,130,5),(401,131,6),(402,131,3),(403,131,5),(404,132,6),(405,132,3),(406,132,5),(407,133,6),(408,133,3),(409,133,5),(410,134,6),(411,134,3),(412,134,5),(413,135,6),(414,135,3),(415,135,5),(416,136,6),(417,136,3),(418,136,5),(419,137,6),(420,137,3),(421,137,5),(422,138,6),(423,138,3),(424,138,5),(425,139,6),(426,139,3),(427,139,5),(428,140,6),(429,140,3),(430,140,5),(431,141,1),(432,141,8),(433,141,6),(434,141,9),(435,141,7),(436,142,1),(437,142,8),(438,142,6),(439,142,9),(440,142,7),(441,143,1),(442,143,8),(443,143,6),(444,143,9),(445,143,7),(446,144,1),(447,144,8),(448,144,6),(449,144,9),(450,144,7),(451,145,1),(452,145,8),(453,145,6),(454,145,9),(455,145,7),(456,146,1),(457,146,8),(458,146,6),(459,146,9),(460,146,7),(461,147,1),(462,147,8),(463,147,6),(464,147,9),(465,147,7),(466,148,1),(467,148,8),(468,148,6),(469,148,9),(470,148,7),(471,149,1),(472,149,8),(473,149,6),(474,149,9),(475,149,7),(476,150,1),(477,150,8),(478,150,6),(479,150,9),(480,150,7),(481,151,1),(482,151,8),(483,151,6),(484,151,9),(485,151,7),(486,152,1),(487,152,8),(488,152,6),(489,152,9),(490,152,7),(491,153,1),(492,153,8),(493,153,6),(494,153,9),(495,153,7),(496,154,1),(497,154,8),(498,154,6),(499,154,9),(500,154,7),(501,155,1),(502,155,8),(503,155,6),(504,155,9),(505,155,7),(506,156,1),(507,156,8),(508,156,6),(509,156,9),(510,156,7),(511,157,1),(512,157,8),(513,157,6),(514,157,9),(515,157,7),(516,158,1),(517,158,8),(518,158,6),(519,158,9),(520,158,7),(521,159,1),(522,159,8),(523,159,6),(524,159,9),(525,159,7),(526,160,1),(527,160,8),(528,160,6),(529,160,9),(530,160,7),(531,161,1),(532,161,9),(533,161,10),(534,162,1),(535,162,9),(536,162,10),(537,163,1),(538,163,9),(539,163,10),(540,164,1),(541,164,9),(542,164,10),(543,165,1),(544,165,9),(545,165,10),(546,166,1),(547,166,9),(548,166,10),(549,167,1),(550,167,9),(551,167,10),(552,168,1),(553,168,9),(554,168,10),(555,169,1),(556,169,9),(557,169,10),(558,170,1),(559,170,9),(560,170,10),(561,171,1),(562,171,9),(563,171,10),(564,172,1),(565,172,9),(566,172,10),(567,173,1),(568,173,9),(569,173,10),(570,174,1),(571,174,9),(572,174,10),(573,175,1),(574,175,9),(575,175,10),(576,176,1),(577,176,9),(578,176,10),(579,177,1),(580,177,9),(581,177,10),(582,178,1),(583,178,9),(584,178,10),(585,179,1),(586,179,9),(587,179,10),(588,180,1),(589,180,9),(590,180,10),(591,181,12),(592,181,9),(593,181,11),(594,182,12),(595,182,9),(596,182,11),(597,183,12),(598,183,9),(599,183,11),(600,184,12),(601,184,9),(602,184,11),(603,185,12),(604,185,9),(605,185,11),(606,186,12),(607,186,9),(608,186,11),(609,187,12),(610,187,9),(611,187,11),(612,188,12),(613,188,9),(614,188,11),(615,189,12),(616,189,9),(617,189,11),(618,190,12),(619,190,9),(620,190,11),(621,191,12),(622,191,9),(623,191,11),(624,192,12),(625,192,9),(626,192,11),(627,193,12),(628,193,9),(629,193,11),(630,194,12),(631,194,9),(632,194,11),(633,195,12),(634,195,9),(635,195,11),(636,196,12),(637,196,9),(638,196,11),(639,197,12),(640,197,9),(641,197,11),(642,198,12),(643,198,9),(644,198,11),(645,199,12),(646,199,9),(647,199,11),(648,200,12),(649,200,9),(650,200,11),(651,201,1),(652,201,2),(653,202,1),(654,202,2),(655,203,1),(656,203,2),(657,204,1),(658,204,2),(659,205,1),(660,205,2),(661,206,1),(662,206,2),(663,207,1),(664,207,2),(665,208,1),(666,208,2),(667,209,1),(668,209,2),(669,210,1),(670,210,2),(671,211,2),(672,212,2),(673,213,2),(674,214,2),(675,215,2),(676,216,2),(677,217,2),(678,218,2),(679,219,2),(680,220,2);
/*!40000 ALTER TABLE `games_categories` ENABLE KEYS */;
UNLOCK TABLES;

--
-- Table structure for table `games_keys`
--

DROP TABLE IF EXISTS `games_keys`;
/*!40101 SET @saved_cs_client     = @@character_set_client */;
/*!50503 SET character_set_client = utf8mb4 */;
CREATE TABLE `games_keys` (
  `id` int unsigned NOT NULL AUTO_INCREMENT,
  `game_id` int unsigned NOT NULL,
  `used` tinyint NOT NULL,
  `gkey` varchar(45) NOT NULL,
  PRIMARY KEY (`id`),
  UNIQUE KEY `key_UNIQUE` (`gkey`),
  KEY `fk_keys_games1_idx` (`game_id`),
  CONSTRAINT `fk_keys_games1` FOREIGN KEY (`game_id`) REFERENCES `games` (`id`)
) ENGINE=InnoDB AUTO_INCREMENT=5 DEFAULT CHARSET=utf8;
/*!40101 SET character_set_client = @saved_cs_client */;

--
-- Dumping data for table `games_keys`
--

LOCK TABLES `games_keys` WRITE;
/*!40000 ALTER TABLE `games_keys` DISABLE KEYS */;
INSERT INTO `games_keys` VALUES (1,156,1,'12342ss55werrr-w5ha55-rrrrrwq'),(2,156,1,'12342ss55werrr-w5ha55-rrttrrrwq'),(3,168,1,'12342safs55werrr-w5ha55-rrttrrrwq'),(4,168,1,'12342safs55werrr-w5hhha55-rrttrrrwq');
/*!40000 ALTER TABLE `games_keys` ENABLE KEYS */;
UNLOCK TABLES;

--
-- Table structure for table `games_transactions`
--

DROP TABLE IF EXISTS `games_transactions`;
/*!40101 SET @saved_cs_client     = @@character_set_client */;
/*!50503 SET character_set_client = utf8mb4 */;
CREATE TABLE `games_transactions` (
  `id` int NOT NULL AUTO_INCREMENT,
  `user_transaction_id` int NOT NULL,
  `game_id` int unsigned NOT NULL,
  `key_id` int unsigned DEFAULT NULL,
  PRIMARY KEY (`id`),
  UNIQUE KEY `id_UNIQUE` (`id`),
  KEY `fk_games_transactions_transactions1_idx` (`user_transaction_id`),
  KEY `fk_games_transactions_games1_idx` (`game_id`),
  KEY `fk_games_transactions_keys1_idx` (`key_id`),
  CONSTRAINT `fk_games_transactions_games1` FOREIGN KEY (`game_id`) REFERENCES `games` (`id`),
  CONSTRAINT `fk_games_transactions_keys1` FOREIGN KEY (`key_id`) REFERENCES `games_keys` (`id`),
  CONSTRAINT `fk_games_transactions_transactions1` FOREIGN KEY (`user_transaction_id`) REFERENCES `users_transactions` (`id`)
) ENGINE=InnoDB AUTO_INCREMENT=603 DEFAULT CHARSET=utf8;
/*!40101 SET character_set_client = @saved_cs_client */;

--
-- Dumping data for table `games_transactions`
--

LOCK TABLES `games_transactions` WRITE;
/*!40000 ALTER TABLE `games_transactions` DISABLE KEYS */;
INSERT INTO `games_transactions` VALUES (1,2,142,NULL),(2,3,142,NULL),(3,4,142,NULL),(4,4,142,NULL),(5,4,142,NULL),(6,4,142,NULL),(7,4,142,NULL),(8,5,156,1),(9,5,156,2),(10,6,212,NULL),(11,6,212,NULL),(12,6,212,NULL),(13,6,214,NULL),(14,6,211,NULL),(15,7,168,3),(16,7,168,4),(17,7,111,NULL),(18,7,111,NULL),(19,7,111,NULL),(20,8,111,NULL),(21,8,111,NULL),(22,9,142,NULL),(23,9,142,NULL),(24,9,142,NULL),(25,9,142,NULL),(26,9,142,NULL),(27,9,142,NULL),(28,9,142,NULL),(29,9,142,NULL),(30,9,142,NULL),(31,9,142,NULL),(32,9,142,NULL),(33,9,142,NULL),(34,9,142,NULL),(35,9,142,NULL),(36,9,142,NULL),(37,9,142,NULL),(38,9,142,NULL),(39,9,142,NULL),(40,9,142,NULL),(41,9,142,NULL),(42,9,142,NULL),(43,9,142,NULL),(44,9,142,NULL),(45,9,142,NULL),(46,9,142,NULL),(47,9,142,NULL),(48,9,142,NULL),(49,9,142,NULL),(50,9,142,NULL),(51,9,142,NULL),(52,9,142,NULL),(53,9,142,NULL),(54,9,142,NULL),(55,9,142,NULL),(56,9,142,NULL),(57,9,142,NULL),(58,9,142,NULL),(59,9,142,NULL),(60,9,142,NULL),(61,9,142,NULL),(62,9,142,NULL),(63,9,142,NULL),(64,9,142,NULL),(65,9,142,NULL),(66,9,142,NULL),(67,9,142,NULL),(68,9,142,NULL),(69,9,142,NULL),(70,9,142,NULL),(71,9,142,NULL),(72,9,142,NULL),(73,9,142,NULL),(74,9,142,NULL),(75,9,142,NULL),(76,9,142,NULL),(77,9,142,NULL),(78,9,142,NULL),(79,9,142,NULL),(80,9,142,NULL),(81,9,142,NULL),(82,9,142,NULL),(83,9,142,NULL),(84,9,142,NULL),(85,9,142,NULL),(86,9,142,NULL),(87,9,142,NULL),(88,9,142,NULL),(89,9,142,NULL),(90,9,142,NULL),(91,9,142,NULL),(92,9,142,NULL),(93,9,142,NULL),(94,9,142,NULL),(95,9,142,NULL),(96,9,142,NULL),(97,9,142,NULL),(98,9,142,NULL),(99,9,142,NULL),(100,9,142,NULL),(101,9,142,NULL),(102,9,142,NULL),(103,9,142,NULL),(104,9,142,NULL),(105,9,142,NULL),(106,9,142,NULL),(107,9,142,NULL),(108,9,142,NULL),(109,9,142,NULL),(110,9,142,NULL),(111,9,142,NULL),(112,9,142,NULL),(113,9,142,NULL),(114,9,142,NULL),(115,9,142,NULL),(116,9,142,NULL),(117,9,142,NULL),(118,9,142,NULL),(119,9,142,NULL),(120,9,142,NULL),(121,9,142,NULL),(122,9,142,NULL),(123,9,142,NULL),(124,9,142,NULL),(125,9,142,NULL),(126,9,142,NULL),(127,9,142,NULL),(128,9,142,NULL),(129,9,142,NULL),(130,9,142,NULL),(131,9,142,NULL),(132,9,142,NULL),(133,9,142,NULL),(134,9,142,NULL),(135,11,136,NULL),(136,12,136,NULL),(137,13,136,NULL),(138,14,136,NULL),(139,15,136,NULL),(140,16,136,NULL),(141,17,136,NULL),(142,18,136,NULL),(143,18,136,NULL),(144,18,136,NULL),(145,18,136,NULL),(146,18,136,NULL),(147,19,136,NULL),(148,19,136,NULL),(149,19,136,NULL),(150,19,136,NULL),(151,19,136,NULL),(152,20,136,NULL),(153,20,136,NULL),(154,20,136,NULL),(155,20,136,NULL),(156,20,136,NULL),(157,21,136,NULL),(158,21,136,NULL),(159,21,136,NULL),(160,21,136,NULL),(161,21,136,NULL),(162,22,136,NULL),(163,22,136,NULL),(164,22,136,NULL),(165,22,136,NULL),(166,22,136,NULL),(167,23,136,NULL),(168,23,136,NULL),(169,23,136,NULL),(170,23,136,NULL),(171,23,136,NULL),(172,24,136,NULL),(173,24,136,NULL),(174,24,136,NULL),(175,24,136,NULL),(176,24,136,NULL),(177,25,136,NULL),(178,25,136,NULL),(179,25,136,NULL),(180,25,136,NULL),(181,25,136,NULL),(182,26,136,NULL),(183,26,136,NULL),(184,26,136,NULL),(185,26,136,NULL),(186,26,136,NULL),(187,28,136,NULL),(188,28,136,NULL),(189,28,136,NULL),(190,28,136,NULL),(191,28,136,NULL),(192,29,136,NULL),(193,29,136,NULL),(194,29,136,NULL),(195,29,136,NULL),(196,29,136,NULL),(197,30,136,NULL),(198,30,136,NULL),(199,30,136,NULL),(200,30,136,NULL),(201,30,136,NULL),(202,31,136,NULL),(203,31,136,NULL),(204,31,136,NULL),(205,31,136,NULL),(206,31,136,NULL),(207,32,136,NULL),(208,32,136,NULL),(209,32,136,NULL),(210,32,136,NULL),(211,32,136,NULL),(212,33,136,NULL),(213,33,136,NULL),(214,33,136,NULL),(215,33,136,NULL),(216,33,136,NULL),(217,34,136,NULL),(218,34,136,NULL),(219,34,136,NULL),(220,34,136,NULL),(221,34,136,NULL),(222,35,136,NULL),(223,35,136,NULL),(224,35,136,NULL),(225,35,136,NULL),(226,35,136,NULL),(227,36,136,NULL),(228,36,136,NULL),(229,36,136,NULL),(230,36,136,NULL),(231,36,136,NULL),(232,37,136,NULL),(233,37,136,NULL),(234,37,136,NULL),(235,37,136,NULL),(236,37,136,NULL),(237,38,137,NULL),(238,38,137,NULL),(239,38,137,NULL),(240,38,137,NULL),(241,38,137,NULL),(242,39,137,NULL),(243,39,137,NULL),(244,39,137,NULL),(245,39,137,NULL),(246,39,137,NULL),(247,40,137,NULL),(248,40,137,NULL),(249,40,137,NULL),(250,40,137,NULL),(251,40,137,NULL),(252,41,137,NULL),(253,41,137,NULL),(254,41,137,NULL),(255,41,137,NULL),(256,41,137,NULL),(257,42,137,NULL),(258,42,137,NULL),(259,42,137,NULL),(260,42,137,NULL),(261,42,137,NULL),(262,44,137,NULL),(263,44,137,NULL),(264,44,137,NULL),(265,44,137,NULL),(266,44,137,NULL),(267,45,137,NULL),(268,45,137,NULL),(269,45,137,NULL),(270,45,137,NULL),(271,45,137,NULL),(272,46,137,NULL),(273,46,137,NULL),(274,46,137,NULL),(275,46,137,NULL),(276,46,137,NULL),(277,47,137,NULL),(278,47,137,NULL),(279,47,137,NULL),(280,47,137,NULL),(281,47,137,NULL),(282,48,137,NULL),(283,48,137,NULL),(284,48,137,NULL),(285,48,137,NULL),(286,48,137,NULL),(287,49,137,NULL),(288,49,137,NULL),(289,49,137,NULL),(290,49,137,NULL),(291,49,137,NULL),(292,50,137,NULL),(293,50,137,NULL),(294,50,137,NULL),(295,50,137,NULL),(296,50,137,NULL),(297,51,137,NULL),(298,51,137,NULL),(299,51,137,NULL),(300,51,137,NULL),(301,51,137,NULL),(302,52,137,NULL),(303,52,137,NULL),(304,52,137,NULL),(305,52,137,NULL),(306,52,137,NULL),(307,53,137,NULL),(308,53,137,NULL),(309,53,137,NULL),(310,53,137,NULL),(311,53,137,NULL),(312,54,137,NULL),(313,54,137,NULL),(314,54,137,NULL),(315,54,137,NULL),(316,54,137,NULL),(317,55,137,NULL),(318,55,137,NULL),(319,55,137,NULL),(320,55,137,NULL),(321,55,137,NULL),(322,56,137,NULL),(323,56,137,NULL),(324,56,137,NULL),(325,56,137,NULL),(326,56,137,NULL),(327,57,137,NULL),(328,57,137,NULL),(329,57,137,NULL),(330,57,137,NULL),(331,57,137,NULL),(332,58,137,NULL),(333,58,137,NULL),(334,58,137,NULL),(335,58,137,NULL),(336,58,137,NULL),(337,60,149,NULL),(338,60,149,NULL),(339,60,149,NULL),(340,60,149,NULL),(341,60,149,NULL),(342,60,149,NULL),(343,60,149,NULL),(344,60,149,NULL),(345,60,149,NULL),(346,60,149,NULL),(347,60,149,NULL),(348,60,149,NULL),(349,60,149,NULL),(350,60,149,NULL),(351,60,149,NULL),(352,60,149,NULL),(353,60,149,NULL),(354,60,149,NULL),(355,60,149,NULL),(356,60,149,NULL),(357,60,149,NULL),(358,60,149,NULL),(359,60,149,NULL),(360,60,149,NULL),(361,60,149,NULL),(362,60,149,NULL),(363,60,149,NULL),(364,60,149,NULL),(365,60,149,NULL),(366,60,149,NULL),(367,60,149,NULL),(368,60,149,NULL),(369,60,149,NULL),(370,60,149,NULL),(371,60,149,NULL),(372,60,149,NULL),(373,60,149,NULL),(374,60,149,NULL),(375,60,149,NULL),(376,60,149,NULL),(377,60,149,NULL),(378,60,149,NULL),(379,60,149,NULL),(380,60,149,NULL),(381,60,149,NULL),(382,60,149,NULL),(383,60,149,NULL),(384,60,149,NULL),(385,60,149,NULL),(386,60,149,NULL),(387,60,149,NULL),(388,60,149,NULL),(389,60,149,NULL),(390,60,149,NULL),(391,60,149,NULL),(392,60,149,NULL),(393,60,149,NULL),(394,60,149,NULL),(395,60,149,NULL),(396,60,149,NULL),(397,60,149,NULL),(398,60,149,NULL),(399,60,149,NULL),(400,60,149,NULL),(401,60,149,NULL),(402,60,149,NULL),(403,60,149,NULL),(404,60,149,NULL),(405,60,149,NULL),(406,60,149,NULL),(407,60,149,NULL),(408,60,149,NULL),(409,60,149,NULL),(410,60,149,NULL),(411,60,149,NULL),(412,60,149,NULL),(413,60,149,NULL),(414,60,149,NULL),(415,60,149,NULL),(416,60,149,NULL),(417,60,149,NULL),(418,60,149,NULL),(419,60,149,NULL),(420,60,149,NULL),(421,60,149,NULL),(422,60,149,NULL),(423,60,149,NULL),(424,60,149,NULL),(425,60,149,NULL),(426,60,149,NULL),(427,60,149,NULL),(428,60,149,NULL),(429,60,149,NULL),(430,60,149,NULL),(431,60,149,NULL),(432,60,149,NULL),(433,60,149,NULL),(434,60,149,NULL),(435,60,149,NULL),(436,60,149,NULL),(437,61,149,NULL),(438,61,149,NULL),(439,61,149,NULL),(440,61,149,NULL),(441,61,149,NULL),(442,61,149,NULL),(443,61,149,NULL),(444,61,149,NULL),(445,61,149,NULL),(446,61,149,NULL),(447,61,149,NULL),(448,61,149,NULL),(449,61,149,NULL),(450,61,149,NULL),(451,61,149,NULL),(452,61,149,NULL),(453,61,149,NULL),(454,61,149,NULL),(455,61,149,NULL),(456,62,149,NULL),(457,63,140,NULL),(458,63,140,NULL),(459,63,140,NULL),(460,63,140,NULL),(461,63,140,NULL),(462,63,140,NULL),(463,63,140,NULL),(464,63,140,NULL),(465,63,140,NULL),(466,63,140,NULL),(467,63,140,NULL),(468,63,140,NULL),(469,63,140,NULL),(470,63,140,NULL),(471,63,140,NULL),(472,63,140,NULL),(473,63,140,NULL),(474,63,140,NULL),(475,63,140,NULL),(476,63,140,NULL),(477,63,140,NULL),(478,63,140,NULL),(479,63,140,NULL),(480,63,140,NULL),(481,63,140,NULL),(482,63,140,NULL),(483,63,140,NULL),(484,63,140,NULL),(485,63,140,NULL),(486,63,140,NULL),(487,63,140,NULL),(488,63,140,NULL),(489,63,140,NULL),(490,63,140,NULL),(491,63,140,NULL),(492,63,140,NULL),(493,63,140,NULL),(494,63,140,NULL),(495,63,140,NULL),(496,63,140,NULL),(497,63,140,NULL),(498,63,140,NULL),(499,63,140,NULL),(500,63,140,NULL),(501,63,140,NULL),(502,63,140,NULL),(503,63,140,NULL),(504,63,140,NULL),(505,63,140,NULL),(506,63,140,NULL),(507,63,140,NULL),(508,63,140,NULL),(509,63,140,NULL),(510,63,140,NULL),(511,63,140,NULL),(512,63,140,NULL),(513,63,140,NULL),(514,63,140,NULL),(515,63,140,NULL),(516,63,140,NULL),(517,63,140,NULL),(518,63,140,NULL),(519,63,140,NULL),(520,63,140,NULL),(521,63,140,NULL),(522,63,140,NULL),(523,63,140,NULL),(524,63,140,NULL),(525,63,140,NULL),(526,63,140,NULL),(527,63,140,NULL),(528,63,140,NULL),(529,63,140,NULL),(530,63,140,NULL),(531,63,140,NULL),(532,63,140,NULL),(533,63,140,NULL),(534,63,140,NULL),(535,63,140,NULL),(536,63,140,NULL),(537,63,140,NULL),(538,63,140,NULL),(539,63,140,NULL),(540,63,140,NULL),(541,63,140,NULL),(542,63,140,NULL),(543,63,140,NULL),(544,63,140,NULL),(545,63,140,NULL),(546,63,140,NULL),(547,63,140,NULL),(548,63,140,NULL),(549,63,140,NULL),(550,63,140,NULL),(551,63,140,NULL),(552,63,140,NULL),(553,63,140,NULL),(554,63,140,NULL),(555,63,140,NULL),(556,63,140,NULL),(557,64,140,NULL),(558,64,140,NULL),(559,64,140,NULL),(560,64,140,NULL),(561,66,171,NULL),(562,66,171,NULL),(563,66,171,NULL),(564,66,171,NULL),(565,66,171,NULL),(566,66,171,NULL),(567,66,171,NULL),(568,66,171,NULL),(569,66,171,NULL),(570,66,171,NULL),(571,66,171,NULL),(572,66,171,NULL),(573,66,171,NULL),(574,66,171,NULL),(575,66,171,NULL),(576,66,171,NULL),(577,66,171,NULL),(578,66,171,NULL),(579,66,171,NULL),(580,66,171,NULL),(581,67,171,NULL),(582,67,171,NULL),(583,67,171,NULL),(584,67,171,NULL),(585,67,171,NULL),(586,67,171,NULL),(587,67,171,NULL),(588,67,171,NULL),(589,67,171,NULL),(590,67,171,NULL),(591,67,171,NULL),(592,67,171,NULL),(593,67,171,NULL),(594,67,171,NULL),(595,67,171,NULL),(596,67,171,NULL),(597,67,171,NULL),(598,67,171,NULL),(599,67,171,NULL),(600,67,171,NULL),(601,68,171,NULL),(602,68,171,NULL);
/*!40000 ALTER TABLE `games_transactions` ENABLE KEYS */;
UNLOCK TABLES;
/*!50003 SET @saved_cs_client      = @@character_set_client */ ;
/*!50003 SET @saved_cs_results     = @@character_set_results */ ;
/*!50003 SET @saved_col_connection = @@collation_connection */ ;
/*!50003 SET character_set_client  = utf8mb4 */ ;
/*!50003 SET character_set_results = utf8mb4 */ ;
/*!50003 SET collation_connection  = utf8mb4_0900_ai_ci */ ;
/*!50003 SET @saved_sql_mode       = @@sql_mode */ ;
/*!50003 SET sql_mode              = 'ONLY_FULL_GROUP_BY,STRICT_TRANS_TABLES,NO_ZERO_IN_DATE,NO_ZERO_DATE,ERROR_FOR_DIVISION_BY_ZERO,NO_ENGINE_SUBSTITUTION' */ ;
DELIMITER ;;
/*!50003 CREATE*/ /*!50017 DEFINER=`root`@`localhost`*/ /*!50003 TRIGGER `games_transactions_BEFORE_INSERT` BEFORE INSERT ON `games_transactions` FOR EACH ROW BEGIN
    DECLARE used_key_id integer;
    DECLARE digital tinyint;
    SET digital = (SELECT is_digital FROM games WHERE games.id = new.game_id);
    IF (digital = 1) THEN
        update games_keys set used = 1 where games_keys.id = new.key_id;
      ELSE
        UPDATE games SET quantity = quantity - 1 WHERE games.id = new.game_id;
      END IF;
END */;;
DELIMITER ;
/*!50003 SET sql_mode              = @saved_sql_mode */ ;
/*!50003 SET character_set_client  = @saved_cs_client */ ;
/*!50003 SET character_set_results = @saved_cs_results */ ;
/*!50003 SET collation_connection  = @saved_col_connection */ ;

--
-- Table structure for table `platforms`
--

DROP TABLE IF EXISTS `platforms`;
/*!40101 SET @saved_cs_client     = @@character_set_client */;
/*!50503 SET character_set_client = utf8mb4 */;
CREATE TABLE `platforms` (
  `id` int unsigned NOT NULL AUTO_INCREMENT,
  `name` varchar(45) NOT NULL,
  PRIMARY KEY (`id`)
) ENGINE=InnoDB AUTO_INCREMENT=6 DEFAULT CHARSET=utf8;
/*!40101 SET character_set_client = @saved_cs_client */;

--
-- Dumping data for table `platforms`
--

LOCK TABLES `platforms` WRITE;
/*!40000 ALTER TABLE `platforms` DISABLE KEYS */;
INSERT INTO `platforms` VALUES (1,'pc'),(2,'ps4'),(3,'ps5'),(4,'xbox-one'),(5,'xbox-s');
/*!40000 ALTER TABLE `platforms` ENABLE KEYS */;
UNLOCK TABLES;

--
-- Table structure for table `users`
--

DROP TABLE IF EXISTS `users`;
/*!40101 SET @saved_cs_client     = @@character_set_client */;
/*!50503 SET character_set_client = utf8mb4 */;
CREATE TABLE `users` (
  `id` int NOT NULL AUTO_INCREMENT,
  `name` varchar(15) NOT NULL,
  `email` varchar(45) NOT NULL,
  `role` varchar(10) NOT NULL,
  `password_hash` varchar(200) NOT NULL,
  `salt` varchar(200) NOT NULL,
  PRIMARY KEY (`id`),
  UNIQUE KEY `name_UNIQUE` (`name`),
  UNIQUE KEY `email_UNIQUE` (`email`),
  UNIQUE KEY `id_UNIQUE` (`id`)
) ENGINE=InnoDB AUTO_INCREMENT=6 DEFAULT CHARSET=utf8;
/*!40101 SET character_set_client = @saved_cs_client */;

--
-- Dumping data for table `users`
--

LOCK TABLES `users` WRITE;
/*!40000 ALTER TABLE `users` DISABLE KEYS */;
INSERT INTO `users` VALUES (4,'admin1','admin1@gmail.com','admin','JDUkcm91bmRzPTUzNTAwMCRaYVJkd2lEWC5TZFo0UU10JExiSHM4UnQ4Y0c0VjJDMFd2Qi9QWkRTb2NjYWN2OWpmcHY5YXgwUDJqeEE=','YidceGY1XHgwMVx4MWR6XHhkOFx4YmVAXHhhM1x4MDRcclx4ZTQoXHhjNlx4MDNceDhlXHhmZG1ceGFlXHg5Ylx4YTlceGM3XHgwMVx4YTNceGVmXHhjNSpcXDVcXFx4MTJ5LCc='),(5,'test1','test1@gmail.com','user','JDUkcm91bmRzPTUzNTAwMCRiYXhGaUM0eVBTcWtPLzdsJHRCNzljcndTbzZpOHJPbi9GUEFZcEhNVzhneFk3aWZWMHpzNTIzdjNOZkI=','YidzXHhkZlx4ZmJceDliXHgwOFx4MWVceGQ0K1x4OTFceGIyXHhkY1pceDg4O1x4YzBceGE3OG54USZceGY3XHg5NURceDA0Qlx4ODVceDBjXHhiYVx4ZTdceDExcCc=');
/*!40000 ALTER TABLE `users` ENABLE KEYS */;
UNLOCK TABLES;

--
-- Table structure for table `users_transactions`
--

DROP TABLE IF EXISTS `users_transactions`;
/*!40101 SET @saved_cs_client     = @@character_set_client */;
/*!50503 SET character_set_client = utf8mb4 */;
CREATE TABLE `users_transactions` (
  `id` int NOT NULL AUTO_INCREMENT,
  `user_id` int NOT NULL,
  `date` datetime NOT NULL,
  PRIMARY KEY (`id`),
  KEY `fk_transactions_users1_idx` (`user_id`),
  CONSTRAINT `fk_transactions_users1` FOREIGN KEY (`user_id`) REFERENCES `users` (`id`)
) ENGINE=InnoDB AUTO_INCREMENT=69 DEFAULT CHARSET=utf8;
/*!40101 SET character_set_client = @saved_cs_client */;

--
-- Dumping data for table `users_transactions`
--

LOCK TABLES `users_transactions` WRITE;
/*!40000 ALTER TABLE `users_transactions` DISABLE KEYS */;
INSERT INTO `users_transactions` VALUES (2,4,'2021-01-12 15:49:14'),(3,4,'2021-01-12 15:49:29'),(4,4,'2021-01-12 15:52:16'),(5,4,'2021-01-12 15:57:57'),(6,4,'2021-01-12 16:38:26'),(7,5,'2021-01-12 17:25:28'),(8,5,'2021-01-12 17:26:17'),(9,5,'2021-01-12 21:17:47'),(11,5,'2021-01-13 19:00:40'),(12,5,'2021-01-13 19:00:41'),(13,5,'2021-01-13 19:00:42'),(14,5,'2021-01-13 19:00:42'),(15,5,'2021-01-13 19:00:43'),(16,5,'2021-01-13 19:00:43'),(17,5,'2021-01-13 19:00:44'),(18,5,'2021-01-13 19:00:48'),(19,5,'2021-01-13 19:00:48'),(20,5,'2021-01-13 19:00:49'),(21,5,'2021-01-13 19:00:49'),(22,5,'2021-01-13 19:00:50'),(23,5,'2021-01-13 19:00:51'),(24,5,'2021-01-13 19:00:51'),(25,5,'2021-01-13 19:00:52'),(26,5,'2021-01-13 19:00:52'),(28,5,'2021-01-13 19:01:23'),(29,5,'2021-01-13 19:11:23'),(30,5,'2021-01-13 19:11:24'),(31,5,'2021-01-13 19:11:25'),(32,5,'2021-01-13 19:11:25'),(33,5,'2021-01-13 19:11:26'),(34,5,'2021-01-13 19:11:26'),(35,5,'2021-01-13 19:11:27'),(36,5,'2021-01-13 19:11:28'),(37,5,'2021-01-13 19:11:28'),(38,5,'2021-01-13 19:11:39'),(39,5,'2021-01-13 19:11:40'),(40,5,'2021-01-13 19:11:40'),(41,5,'2021-01-13 19:11:41'),(42,5,'2021-01-13 19:11:41'),(44,5,'2021-01-13 19:27:47'),(45,5,'2021-01-13 19:27:49'),(46,5,'2021-01-13 19:27:49'),(47,5,'2021-01-13 19:27:50'),(48,5,'2021-01-13 19:27:50'),(49,5,'2021-01-13 19:27:51'),(50,5,'2021-01-13 19:27:51'),(51,5,'2021-01-13 19:27:52'),(52,5,'2021-01-13 19:27:52'),(53,5,'2021-01-13 19:27:53'),(54,5,'2021-01-13 19:27:53'),(55,5,'2021-01-13 19:27:54'),(56,5,'2021-01-13 19:27:54'),(57,5,'2021-01-13 19:27:55'),(58,5,'2021-01-13 19:27:55'),(60,5,'2021-01-14 17:39:31'),(61,5,'2021-01-14 17:39:36'),(62,5,'2021-01-14 17:39:39'),(63,5,'2021-01-14 17:40:15'),(64,5,'2021-01-14 17:40:22'),(66,5,'2021-01-14 17:58:25'),(67,5,'2021-01-14 17:58:29'),(68,5,'2021-01-14 17:58:33');
/*!40000 ALTER TABLE `users_transactions` ENABLE KEYS */;
UNLOCK TABLES;
/*!40103 SET TIME_ZONE=@OLD_TIME_ZONE */;

/*!40101 SET SQL_MODE=@OLD_SQL_MODE */;
/*!40014 SET FOREIGN_KEY_CHECKS=@OLD_FOREIGN_KEY_CHECKS */;
/*!40014 SET UNIQUE_CHECKS=@OLD_UNIQUE_CHECKS */;
/*!40101 SET CHARACTER_SET_CLIENT=@OLD_CHARACTER_SET_CLIENT */;
/*!40101 SET CHARACTER_SET_RESULTS=@OLD_CHARACTER_SET_RESULTS */;
/*!40101 SET COLLATION_CONNECTION=@OLD_COLLATION_CONNECTION */;
/*!40111 SET SQL_NOTES=@OLD_SQL_NOTES */;

-- Dump completed on 2021-01-19 20:04:18
